"price","profit","visitors","age","time"
16,7,91,347,2016-10-12
605,-6,1512,4272,2016-10-09
2300,118,82295,195,2016-10-08
80,0,0,1108,2016-10-08
1500,5,3262,1200,2016-10-07
250,13,1439,3422,2016-10-06
3000,4,1956,255,2016-10-04
800,33,3046,1869,2016-10-04
549,-4,0,1565,2016-10-01
200,0,0,5003,2016-09-30
4100,245,819,2964,2016-09-24
500,4,8314,2112,2016-09-24
1500,580,1610,1656,2016-09-15
550,0,142,531,2016-09-14
200,0,579,347,2016-09-14
1000,195,12914,561,2016-09-08
500,0,212,531,2016-09-05
310,13,2988,286,2016-09-04
99,0,2,620,2016-09-02
3500,90,22145,1900,2016-09-01
91,11,54,985,2016-08-31
1150,86,20444,561,2016-08-31
750,39,4625,3787,2016-08-31
140,7,2902,835,2016-08-29
50,9,21896,286,2016-08-27
215,0,508,1931,2016-08-23
5000,242,920,531,2016-08-23
50,0,23,2934,2016-08-23
64,-2,419,1412,2016-08-19
7300,976,147011,408,2016-08-18
1501,23,14992,1412,2016-08-17
130,0,155,1381,2016-08-16
150,0,56,255,2016-08-14
100,5,243,651,2016-08-13
250,0,76,4669,2016-08-13
99,0,57,3422,2016-08-12
800,653,4656,317,2016-08-10
7600,837,7822,592,2016-08-10
450,19,13721,1473,2016-08-09
2050,0,567,957,2016-08-08
300,-10,1233,896,2016-08-08
9000,461,17444,896,2016-08-06
850,75,3233,620,2016-08-05
199,0,366,470,2016-08-03
280,2,1686,195,2016-08-03
550,4,7070,1473,2016-08-02
950,0,16607,134,2016-08-02
867,150,26859,835,2016-08-01
200,0,2895,134,2016-08-01
700,8,3978,470,2016-07-31
1500,6,3983,286,2016-07-30
50,7,4021,347,2016-07-30
65,4,148,773,2016-07-29
200,0,7798,347,2016-07-29
265,20,6675,865,2016-07-29
400,5,1008,2446,2016-07-28
39,0,125,286,2016-07-28
2000,406,22749,195,2016-07-28
5250,60,198,5034,2016-07-28
2700,16,10039,1626,2016-07-28
100,19,64,2234,2016-07-28
750,88,218,620,2016-07-27
800,5,3435,378,2016-07-27
200,0,797,1169,2016-07-26
230,9,2345,317,2016-07-26
2500,125,42920,1716,2016-07-26
50,0,896,835,2016-07-25
55,9,5361,317,2016-07-25
1800,61,13559,1992,2016-07-22
10000,482,50741,1931,2016-07-21
955,27,9071,1016,2016-07-21
365,6,1333,2265,2016-07-21
50,0,39,1200,2016-07-20
1150,27,2174,1716,2016-07-20
360,7,1547,165,2016-07-20
611,2,755,1961,2016-07-20
5500,258,3622,2265,2016-07-19
1900,412,139299,226,2016-07-18
310,0,326,1200,2016-07-18
6,0,612,1200,2016-07-18
11,0,672,1200,2016-07-18
1,0,591,1200,2016-07-18
20,0,764,1200,2016-07-18
5000,18,6054,2296,2016-07-18
500,17,2511,957,2016-07-17
701,-10,1909,134,2016-07-16
1370,91,25591,226,2016-07-16
475,9,217,835,2016-07-16
39,1,18,165,2016-07-15
1500,630,64,378,2016-07-15
77,0,106,195,2016-07-15
3000,119,69609,226,2016-07-14
150,0,22,3087,2016-07-14
4650,88,127742,1230,2016-07-14
234,9,3481,378,2016-07-14
850,-2,700,2143,2016-07-14
50,0,34,865,2016-07-14
75,0,34,286,2016-07-13
2500,-197,19727,865,2016-07-13
1200,82,7790,1412,2016-07-13
1120,18,4207,1687,2016-07-12
120,-3,0,195,2016-07-12
500,6,2577,1261,2016-07-12
1450,-138,7376,1442,2016-07-12
50,19,32,592,2016-07-11
350,0,5110,408,2016-07-11
1800,49,8628,1108,2016-07-11
6000,-111,7568,1138,2016-07-11
1300,56,562,378,2016-07-11
3000,240,0,3056,2016-07-11
97,0,56,957,2016-07-11
116,-4,545,985,2016-07-10
9200,473,2122,1230,2016-07-10
100,0,18,165,2016-07-07
68,0,1538,104,2016-07-07
500,39,0,1626,2016-07-07
300,119,447,773,2016-07-06
675,16,2321,773,2016-07-06
1100,44,7153,1169,2016-07-06
1250,54,2097,3483,2016-07-06
350,0,596,1687,2016-07-06
355,46,26582,286,2016-07-06
1751,459,1813,317,2016-07-06
1300,120,72778,2477,2016-07-06
400,5,4910,896,2016-07-06
599,0,948,592,2016-07-06
760,0,70892,134,2016-07-05
2200,399,1768,1200,2016-07-05
193,30,4096,165,2016-07-04
260,16,18449,1230,2016-07-04
230,1,326,682,2016-07-04
325,14,1313,4091,2016-07-04
100,0,27,255,2016-07-03
1600,54,5601,773,2016-07-03
750,52,9661,1869,2016-07-02
350,11,3640,165,2016-07-01
1000,4,27029,347,2016-07-01
194,1,831,1200,2016-07-01
665,33,9139,1230,2016-07-01
261,183,38642,226,2016-06-30
100,0,14,896,2016-06-30
700,0,944,165,2016-06-29
8000,349,304406,5248,2016-06-29
30,0,613,1200,2016-06-29
299,11,5705,470,2016-06-29
350,0,84,592,2016-06-28
21,0,610,1200,2016-06-28
25,0,652,1200,2016-06-28
1000,0,756,500,2016-06-28
1000,446,3053,317,2016-06-27
100,0,65,3514,2016-06-26
180,1,1301,1291,2016-06-25
7000,546,8719,1747,2016-06-24
200,49,28404,408,2016-06-24
330,20,27,1350,2016-06-23
1250,0,10675,165,2016-06-23
600,0,1480,835,2016-06-23
1425,26,6101,926,2016-06-22
4800,325,31013,408,2016-06-22
4500,50,707,347,2016-06-22
1500,3,3310,317,2016-06-21
600,53,3935,195,2016-06-20
306,17,3578,1778,2016-06-20
350,11,3449,500,2016-06-19
1500,648,18812,226,2016-06-19
200,54,381,255,2016-06-18
803,118,8308,286,2016-06-18
5500,650,2186,1626,2016-06-18
21,0,731,1200,2016-06-17
1050,103,6037,712,2016-06-17
1101,65,12539,439,2016-06-17
800,10,338,255,2016-06-16
250,10,66,1108,2016-06-16
1799,131,2906,651,2016-06-16
150,0,946,2873,2016-06-16
4000,482,48374,347,2016-06-16
49,1,68,378,2016-06-16
1050,59,8087,743,2016-06-16
35,1,630,255,2016-06-15
755,4,832,4060,2016-06-15
90,2,360,165,2016-06-14
87,0,759,1200,2016-06-14
26,0,850,1200,2016-06-14
40,-1,7,865,2016-06-14
67,0,9,165,2016-06-14
1650,176,26618,1839,2016-06-13
20,-1,4,286,2016-06-13
1100,200,122063,531,2016-06-13
650,16,3174,439,2016-06-12
100,53,3858,317,2016-06-12
2000,13,11524,1565,2016-06-12
530,171,8303,317,2016-06-11
102,3,292,2418,2016-06-11
60,-5,1019,1138,2016-06-11
870,111,10406,470,2016-06-10
499,15,11076,1047,2016-06-10
2200,106,12279,1839,2016-06-10
1538,32,22911,561,2016-06-09
2001,154,3793,226,2016-06-09
650,69,5638,286,2016-06-09
2500,912,18423,286,2016-06-09
100,0,0,317,2016-06-09
80,0,29,712,2016-06-08
1200,69,21350,1716,2016-06-08
9050,-108,102419,1565,2016-06-08
3000,1700,2290,226,2016-06-07
1100,27,0,1900,2016-06-07
150,12,2253,1016,2016-06-07
300,-13,977,620,2016-06-06
300,19,7813,1626,2016-06-06
2850,72,0,1108,2016-06-06
800,43,18425,773,2016-06-05
500,-26,61993,378,2016-06-05
850,471,17405,195,2016-06-04
146,423,0,286,2016-06-04
1690,32,1993,804,2016-06-03
741,59,539,1808,2016-06-03
7750,450,1455,3239,2016-06-02
640,4,870,896,2016-06-02
830,49,2578,804,2016-06-02
125,0,50,439,2016-06-02
150,39,5777,439,2016-06-01
550,0,2269,378,2016-06-01
750,190,20153,439,2016-06-01
4000,200,94669,743,2016-06-01
350,29,8493,865,2016-05-31
805,100,7512,347,2016-05-27
1300,0,983,531,2016-05-27
3000,86,11057,592,2016-05-27
275,0,205,682,2016-05-27
9000,1739,1603,286,2016-05-26
501,0,285,2599,2016-05-26
2000,19,1086,1992,2016-05-25
3200,104,2153,1412,2016-05-25
80,0,160,531,2016-05-25
600,63,24216,226,2016-05-24
1350,0,8641,195,2016-05-24
1012,379,127707,1716,2016-05-24
85,1,148,2418,2016-05-24
1500,0,1730,682,2016-05-24
500,298,5785,347,2016-05-23
505,0,915,3148,2016-05-22
200,21,1658,255,2016-05-22
750,43,575,2357,2016-05-21
1500,15,2817,1077,2016-05-21
1250,126,3132,1869,2016-05-20
725,243,17994,500,2016-05-20
700,88,17264,317,2016-05-19
2750,185,7103,651,2016-05-18
350,14,650,470,2016-05-18
155,29,49233,378,2016-05-18
20,-1,9,865,2016-05-17
100,0,856,1200,2016-05-16
2000,28,23813,1931,2016-05-15
160,0,148,408,2016-05-15
200,15,296,317,2016-05-14
10000,879,66493,408,2016-05-13
200,8,2373,531,2016-05-12
1100,125,8542,1077,2016-05-12
250,1,331,347,2016-05-11
2000,3,854,1169,2016-05-11
650,585,34169,347,2016-05-10
3000,450,52290,865,2016-05-10
100,4,237,408,2016-05-09
1200,0,2302,470,2016-05-09
80,0,291,531,2016-05-04
1000,140,202136,620,2016-04-27
590,-3,419,1350,2016-04-23
600,104,33142,651,2016-04-21
2650,93,19155,1473,2016-04-20
79,0,43,773,2016-04-19
400,199,11455,500,2016-04-19
2450,72,130241,896,2016-04-19
150,-8,164,1839,2016-04-19
5400,506,30363,1016,2016-04-16
300,45,7790,470,2016-04-15
535,628,542,712,2016-04-10
4000,425,15596,651,2016-04-07
400,22,1421,408,2016-04-05
205,34,398,1261,2016-04-03
455,14,298,439,2016-04-03
100,0,402,1047,2016-04-03
600,-13,112,620,2016-04-02
180,-1,477,1687,2016-04-02
2502,125,13030,2053,2016-04-02
8250,321,18904,470,2016-04-01
2150,6,3255,1169,2016-04-01
485,2,165,1747,2016-03-31
1000,145,50005,620,2016-03-30
100,0,0,470,2016-03-29
400,9,12638,1291,2016-03-29
299,0,696,255,2016-03-28
150,0,15,408,2016-03-28
4200,483,65856,470,2016-03-27
150,3,1248,347,2016-03-27
7500,575,23310,500,2016-03-25
5100,16,10352,2569,2016-03-25
3000,80,90493,2811,2016-03-24
90,49,5282,470,2016-03-24
470,4,322,378,2016-03-23
400,0,0,226,2016-03-23
110,5,645,3087,2016-03-23
6000,121,54748,3848,2016-03-23
4450,522,43886,1808,2016-03-23
250,34,886,835,2016-03-22
400,45,10118,500,2016-03-21
110,0,876,255,2016-03-21
5250,641,41626,1595,2016-03-21
2500,117,1287,439,2016-03-20
3500,270,168681,1322,2016-03-19
1495,-4,273,985,2016-03-19
750,190,3313,1473,2016-03-19
2000,70,14521,561,2016-03-18
227,1,0,3938,2016-03-18
150,4,1539,2964,2016-03-18
500,65,2884,317,2016-03-17
225,-14,113,592,2016-03-17
500,11,3801,1291,2016-03-16
305,9,560,773,2016-03-16
2500,7,6367,2691,2016-03-16
905,520,3676,1442,2016-03-16
2501,88,11560,1381,2016-03-15
1300,158,6190,835,2016-03-15
30,-1,438,651,2016-03-14
400,195,5740,926,2016-03-14
75,-1,371,378,2016-03-14
1200,135,12535,439,2016-03-13
135,0,1133,226,2016-03-13
1500,187,0,1839,2016-03-12
150,0,42,439,2016-03-11
1500,26,2178,1350,2016-03-11
125,-5,30,317,2016-03-10
2000,127,122571,439,2016-03-10
6400,326,39990,1016,2016-03-10
3650,344,10466,1230,2016-03-10
9750,352,1701,4517,2016-03-10
4000,159,125812,2477,2016-03-10
2500,263,7613,1565,2016-03-10
1900,150,12710,896,2016-03-10
555,44,462,592,2016-03-10
100,0,38,1108,2016-03-10
100,19,1898,408,2016-03-09
2500,51,27876,1350,2016-03-09
100,0,47,317,2016-03-09
500,9,34,500,2016-03-09
119,7,1552,926,2016-03-08
315,150,11873,500,2016-03-08
150,0,78,347,2016-03-08
1200,27,1169,682,2016-03-08
20,0,90,1869,2016-03-08
250,688,127835,317,2016-03-07
300,14,691,408,2016-03-07
355,18,12590,1077,2016-03-07
551,32,70875,347,2016-03-07
195,-9,1549,865,2016-03-07
550,29,2039,1473,2016-03-07
600,0,4903,1350,2016-03-06
770,100,2731,1322,2016-03-06
3100,331,35451,470,2016-03-06
348,18,2695,500,2016-03-06
1500,546,292,592,2016-03-05
1111,473,560,470,2016-03-05
181,51,6601,1350,2016-03-04
300,4,2163,1200,2016-03-04
1200,395,15062,500,2016-03-04
3500,0,6435,3087,2016-03-04
1350,73,56697,500,2016-03-04
999,177,4539,378,2016-03-03
200,51,510,470,2016-03-03
601,15,3820,1230,2016-03-03
245,1,1285,347,2016-03-03
75,18,57,651,2016-03-03
75,0,667,439,2016-03-03
2601,-1,40491,347,2016-03-03
750,11,6603,2569,2016-03-02
1355,61,27675,3422,2016-03-02
80,0,1200,439,2016-03-02
300,88,0,408,2016-03-01
197,0,17,1992,2016-03-01
355,0,185,1200,2016-03-01
300,2,0,2265,2016-03-01
2050,-5,715,2538,2016-03-01
300,9,1537,712,2016-03-01
600,31,474,620,2016-02-29
100,0,53,712,2016-02-29
50,3,237,712,2016-02-29
100,10,33,1047,2016-02-29
190,28,28,500,2016-02-28
7150,178,7838,2569,2016-02-28
800,23,8828,408,2016-02-28
1750,-9,0,835,2016-02-28
5000,185,13326,1322,2016-02-28
408,0,199,286,2016-02-27
4500,97,45110,865,2016-02-27
1150,34,3642,4395,2016-02-27
399,32,2247,1291,2016-02-26
50,6,2409,804,2016-02-26
7501,692,107706,682,2016-02-26
5100,9,6083,3604,2016-02-25
1000,35,7496,773,2016-02-25
200,-1,891,2053,2016-02-25
2800,119,167972,743,2016-02-24
100,0,119,286,2016-02-24
306,20,3216,1350,2016-02-24
249,16,330,378,2016-02-24
1200,73,7336,439,2016-02-24
2850,30,3744,531,2016-02-23
550,95,0,1291,2016-02-23
500,1,6685,378,2016-02-23
300,28,6213,1747,2016-02-22
2450,111,1759,2112,2016-02-22
1250,71,188762,470,2016-02-22
160,5,0,3239,2016-02-22
1050,17,8373,561,2016-02-21
3000,89,41085,1595,2016-02-21
3500,477,8943,378,2016-02-20
4250,256,2718,4853,2016-02-20
50,3,6,620,2016-02-19
126,2,1508,985,2016-02-19
50,-2,16,2296,2016-02-19
1200,7,3287,1047,2016-02-18
450,13,2668,561,2016-02-18
220,-1,76,561,2016-02-18
1251,41,1405,500,2016-02-18
900,44,1699,926,2016-02-18
215,9,1507,773,2016-02-18
3000,259,1639,957,2016-02-18
450,21,363,5795,2016-02-18
450,17,9337,2722,2016-02-18
350,26,15874,804,2016-02-17
420,70,2436,1381,2016-02-17
585,55,2203,712,2016-02-17
225,0,0,1016,2016-02-16
600,35,0,2326,2016-02-16
550,17,13834,317,2016-02-16
2000,310,95924,470,2016-02-14
85,16,5221,347,2016-02-13
297,-1,1007,6526,2016-02-13
1550,76,7474,773,2016-02-13
1000,1,1944,439,2016-02-13
180,-2,936,2722,2016-02-13
400,56,5663,1047,2016-02-12
165,3,1619,1656,2016-02-12
300,19,1315,2599,2016-02-12
247,0,574,1869,2016-02-11
3500,255,19679,1350,2016-02-11
5000,12,5076,1230,2016-02-11
70,1,9679,985,2016-02-10
540,87,20,347,2016-02-10
805,88,55006,378,2016-02-09
1600,186,26113,470,2016-02-09
61,61,960,470,2016-02-09
1825,82,6734,1138,2016-02-08
1500,517,147895,743,2016-02-08
500,183,30,408,2016-02-08
149,20,3401,500,2016-02-08
500,110,1068,317,2016-02-07
1550,-47,596,712,2016-02-07
605,145,1148,592,2016-02-07
200,10,339,347,2016-02-07
562,109,979,378,2016-02-07
2350,99,5848,1473,2016-02-07
8250,620,180013,865,2016-02-06
650,64,3330,926,2016-02-06
1300,52,28441,1626,2016-02-05
135,31,0,985,2016-02-05
356,31,0,985,2016-02-05
2000,45,99141,500,2016-02-05
450,48,7861,804,2016-02-04
45,0,525,592,2016-02-04
250,0,6910,408,2016-02-04
138,0,211,378,2016-02-04
44,0,130,985,2016-02-04
2100,10,8769,1077,2016-02-04
3383,168,9246,531,2016-02-04
2750,171,39312,561,2016-02-04
90,18,2593,378,2016-02-03
400,119,1836,620,2016-02-03
1650,142,44877,408,2016-02-03
750,9,2097,985,2016-02-03
21,-2,90,3117,2016-02-03
7500,330,10295,3453,2016-02-03
90,-1,95,531,2016-02-02
7499,858,73840,2173,2016-02-02
444,0,208,1200,2016-02-02
2050,386,4399,378,2016-02-02
1150,6,7067,1626,2016-02-01
1100,65,9240,651,2016-02-01
600,-4,0,378,2016-02-01
1500,9,2997,1016,2016-02-01
3000,92,91294,1473,2016-02-01
206,60,34596,470,2016-02-01
46,3,7177,378,2016-01-30
905,402,16459,1808,2016-01-30
185,0,245,1687,2016-01-30
265,0,38,1626,2016-01-30
1799,169,18982,865,2016-01-30
200,3,1080,1261,2016-01-29
150,4,359,651,2016-01-29
1900,72,5331,1138,2016-01-29
820,7,26797,531,2016-01-29
104,38,266,1169,2016-01-29
1550,4,5278,835,2016-01-29
555,1,30858,439,2016-01-29
699,39,10041,378,2016-01-28
105,0,0,985,2016-01-28
250,19,6627,561,2016-01-28
900,57,0,2752,2016-01-27
430,1,1131,378,2016-01-27
530,46,0,3907,2016-01-27
400,4,0,957,2016-01-27
325,2599,1813,500,2016-01-26
720,1,840,1687,2016-01-26
4500,35,11542,2477,2016-01-26
49,0,36,1381,2016-01-26
7500,436,37006,1412,2016-01-26
49,-2,59,957,2016-01-25
140,25,0,1016,2016-01-25
2300,170,10328,3269,2016-01-24
330,9,2143,1869,2016-01-24
501,43,32948,561,2016-01-24
755,28,7792,682,2016-01-24
80,1,46,347,2016-01-22
4500,18,18199,1473,2016-01-22
1000,0,1415,2112,2016-01-22
1050,102,0,620,2016-01-21
450,37,12788,651,2016-01-21
410,29,1436,1016,2016-01-21
999,15,2926,531,2016-01-21
106,3,907,1839,2016-01-21
3000,85,46407,1047,2016-01-21
500,-7,1390,2326,2016-01-21
4500,123,71754,1047,2016-01-20
7500,426,37825,1839,2016-01-20
3050,522,30423,2112,2016-01-20
200,30,7258,500,2016-01-20
215,34,1701,4122,2016-01-19
81,1,1444,3542,2016-01-19
259,1,490,773,2016-01-19
1200,46,10125,651,2016-01-19
1300,5,1056,4944,2016-01-19
1400,61,2190,1961,2016-01-19
5500,0,2091,317,2016-01-19
505,5,854,1808,2016-01-19
1050,21,5375,1381,2016-01-18
2500,10,13311,3573,2016-01-18
310,296,8,500,2016-01-18
113,2,61,592,2016-01-18
100,-10,41,2053,2016-01-18
2272,237,3232,4638,2016-01-18
5651,158,1298,4060,2016-01-18
800,410,45232,347,2016-01-17
5000,170,61244,470,2016-01-17
3500,210,92723,682,2016-01-17
1000,404,187460,1230,2016-01-16
150,-3,81,470,2016-01-16
135,4,281,1016,2016-01-15
1500,295,97098,378,2016-01-15
368,5,442,3787,2016-01-15
300,1,1762,1047,2016-01-14
700,31,11421,408,2016-01-14
655,111,12996,347,2016-01-14
475,33,4475,1077,2016-01-14
430,4,857,1077,2016-01-14
250,39,4709,712,2016-01-13
805,77,44755,408,2016-01-13
1999,796,87838,926,2016-01-13
300,55,36137,592,2016-01-13
1000,23,3020,2173,2016-01-12
400,33,0,896,2016-01-12
505,115,46941,408,2016-01-12
1100,86,5055,2022,2016-01-12
2450,98,14478,926,2016-01-11
200,0,117,1503,2016-01-11
60,6,73,408,2016-01-11
4150,824,23524,2296,2016-01-10
5000,259,34803,1047,2016-01-09
700,350,23286,470,2016-01-09
75,0,48,4272,2016-01-09
2450,212,62871,1077,2016-01-09
1800,83,9080,2143,2016-01-09
599,17,7848,378,2016-01-08
200,8,5680,439,2016-01-07
160,0,254,470,2016-01-07
50,-10,4,347,2016-01-06
285,0,866,682,2016-01-06
9700,464,46239,926,2016-01-06
4050,118,58890,470,2016-01-06
335,1,388,2783,2016-01-06
910,5,885,531,2016-01-06
2551,124,1129,3208,2016-01-06
50,128,231,651,2016-01-04
800,9,2168,682,2016-01-04
145,0,949,347,2016-01-04
760,199,18328,378,2016-01-03
1950,316,59947,439,2016-01-03
250,24,3841,2204,2016-01-03
999,3,3856,1381,2016-01-03
1800,12,39749,682,2016-01-03
175,55,8284,1077,2016-01-02
5,-5,496,470,2016-01-02
35,0,4394,470,2016-01-02
1200,50,513,773,2016-01-01
125,0,31,378,2016-01-01
499,51,333,378,2016-01-01
7500,1997,13929,957,2016-01-01
135,0,36,347,2015-12-31
550,27,19891,1626,2015-12-31
3000,-76,1183,4244,2015-12-31
500,20,33139,561,2015-12-31
800,63,1685,439,2015-12-31
475,18,1532,743,2015-12-31
2600,117,19950,408,2015-12-31
700,50,17907,926,2015-12-30
400,79,6115,378,2015-12-30
210,107,6649,378,2015-12-30
125,14,265,1077,2015-12-30
220,3,2309,378,2015-12-30
450,23,1742,1747,2015-12-29
3000,325,3676,1322,2015-12-29
406,3,405,2538,2015-12-28
10000,285,125427,1138,2015-12-28
997,91,0,1869,2015-12-28
6999,223,7658,500,2015-12-27
905,484,21896,408,2015-12-26
90,0,164,743,2015-12-26
200,39,0,926,2015-12-26
555,22,5244,561,2015-12-25
990,294,1756,439,2015-12-24
4900,508,151054,531,2015-12-24
200,12,1419,2234,2015-12-24
3150,13,2199,2053,2015-12-24
575,1,2755,1016,2015-12-24
225,-5,2297,1931,2015-12-23
199,19,0,470,2015-12-23
3550,-27,15682,1381,2015-12-23
150,1,246,561,2015-12-22
50,0,43,378,2015-12-22
49,4,105,347,2015-12-20
150,495,748,378,2015-12-20
801,375,20712,500,2015-12-19
185,28,41028,408,2015-12-19
558,41,1901,439,2015-12-19
100,-1,107,651,2015-12-19
900,0,2581,592,2015-12-18
805,126,32200,592,2015-12-18
3400,5,4047,4244,2015-12-17
1795,99,8860,1626,2015-12-17
101,0,22,439,2015-12-17
8051,1322,7707,743,2015-12-16
3000,7,2997,3117,2015-12-16
1115,3,2531,1778,2015-12-16
4500,343,16319,896,2015-12-16
460,-75,1196,620,2015-12-16
600,1,1686,2752,2015-12-16
170,8,748,408,2015-12-15
125,0,2,531,2015-12-15
850,9,0,2934,2015-12-15
8000,593,23793,2296,2015-12-14
1750,7,15693,2569,2015-12-14
875,29,7263,985,2015-12-13
1200,106,0,835,2015-12-12
905,-19,1436,470,2015-12-12
2500,20,0,1626,2015-12-11
805,100,871,378,2015-12-10
10000,217,116411,2903,2015-12-10
200,4,3678,985,2015-12-10
200,5,824,439,2015-12-09
400,23,10220,378,2015-12-09
55,-1,191,500,2015-12-09
400,2,267,4060,2015-12-09
800,65,12730,408,2015-12-08
3000,195,12512,1291,2015-12-08
10000,908,246307,531,2015-12-08
1750,65,6071,896,2015-12-07
205,32,1291,439,2015-12-06
600,24,3935,712,2015-12-06
201,-6,42,531,2015-12-06
50,5,82,592,2015-12-06
4700,193,5579,835,2015-12-06
90,5,1217,439,2015-12-05
499,11,123,712,2015-12-05
255,1,861,470,2015-12-05
250,15,2664,620,2015-12-05
1700,15,5736,1230,2015-12-04
180,1,64,2842,2015-12-04
1700,32,33514,985,2015-12-04
250,95,17522,1169,2015-12-03
1600,78,50260,439,2015-12-03
1000,31,6500,865,2015-12-03
1750,111,3086,531,2015-12-03
900,11,12891,985,2015-12-01
200,5,389,1077,2015-12-01
600,76,6738,470,2015-12-01
2100,29,8274,2357,2015-12-01
26,0,108,620,2015-12-01
2500,164,75742,1047,2015-12-01
925,35,4773,3239,2015-11-30
4500,91,51434,896,2015-11-30
470,16,17661,500,2015-11-30
101,3,4600,773,2015-11-30
425,20,864,1808,2015-11-30
1999,296,44054,1747,2015-11-29
2000,19,11273,561,2015-11-29
550,18,4881,1442,2015-11-29
2550,195,5456,712,2015-11-29
375,74,2630,1808,2015-11-28
4150,167,18711,773,2015-11-27
850,-16,3345,743,2015-11-27
500,-9,3714,957,2015-11-27
1400,102,14118,957,2015-11-26
3200,62,23910,1687,2015-11-26
250,-10,73,592,2015-11-26
2000,149,8500,592,2015-11-26
116,-14,0,682,2015-11-24
51,0,493,651,2015-11-24
7500,239,13727,1412,2015-11-23
69,0,56,592,2015-11-23
1000,26,9217,1291,2015-11-22
401,67,923,712,2015-11-22
130,1,1866,712,2015-11-22
1000,79,1455,1291,2015-11-21
899,2,283,957,2015-11-21
1301,-46,16029,1016,2015-11-21
6000,457,4160,439,2015-11-21
800,44,9333,1291,2015-11-20
50,327,77488,1869,2015-11-19
50,-2,460,1412,2015-11-19
300,5,257,651,2015-11-19
50,-5,266,561,2015-11-19
105,16,724,439,2015-11-18
850,16,2860,651,2015-11-17
450,28,746,651,2015-11-17
4000,564,77097,682,2015-11-16
205,0,65,1350,2015-11-16
501,-4,587,3117,2015-11-16
185,23,29,592,2015-11-16
5000,896,38852,2722,2015-11-15
60,0,988,620,2015-11-15
399,43,1043,439,2015-11-15
3000,295,46440,804,2015-11-15
325,5,457,1230,2015-11-15
8000,-231,74052,2842,2015-11-14
1500,320,14144,439,2015-11-14
342,12,565,592,2015-11-14
625,4,5292,865,2015-11-14
305,0,123,2811,2015-11-14
400,142,2609,439,2015-11-14
1350,76,11884,957,2015-11-13
5300,211,95272,804,2015-11-13
1500,276,4840,561,2015-11-13
80,0,305,439,2015-11-12
250,1,0,1381,2015-11-12
116,0,68,6495,2015-11-12
1101,64,32701,2722,2015-11-12
3000,108,8181,1381,2015-11-11
850,271,13305,743,2015-11-11
1300,130,153368,500,2015-11-11
7601,1270,8660,773,2015-11-10
3200,642,41781,926,2015-11-10
75,0,88,1138,2015-11-10
505,61,1755,1169,2015-11-09
379,13,1025,1656,2015-11-09
8550,687,5133,985,2015-11-09
1000,21,11415,1656,2015-11-09
800,250,0,592,2015-11-08
500,-13,338,561,2015-11-08
499,4,131,835,2015-11-07
7000,1143,11831,743,2015-11-05
9000,163,23399,773,2015-11-05
5000,49,3917,1077,2015-11-04
900,57,14891,2842,2015-11-04
1300,98,32535,1473,2015-11-04
650,40,0,3269,2015-11-03
1200,50,3836,561,2015-11-03
3000,248,26918,1169,2015-11-03
40,-2,204,1687,2015-11-03
230,6,124,3330,2015-11-01
750,6,3292,2903,2015-10-31
3500,10,1398,6860,2015-10-30
25,0,55,1869,2015-10-30
3650,236,4658,651,2015-10-30
999,29,5989,651,2015-10-29
1800,79,20878,957,2015-10-29
1450,0,3302,3514,2015-10-29
516,9,1816,1322,2015-10-29
801,-6,569,1595,2015-10-28
2050,1,2607,1047,2015-10-28
5500,404,35535,743,2015-10-28
500,165,42999,1961,2015-10-28
201,0,1486,773,2015-10-27
310,306,0,592,2015-10-27
655,-10,3980,651,2015-10-27
200,22,6459,865,2015-10-26
100,223,450,620,2015-10-26
400,6,1004,561,2015-10-26
399,5,0,651,2015-10-26
355,4,0,1138,2015-10-26
330,84,29569,957,2015-10-25
750,3,3463,1687,2015-10-24
150,233,0,651,2015-10-24
3300,85,5449,5309,2015-10-24
1250,209,1532,500,2015-10-23
250,-5,112,2599,2015-10-23
225,0,4309,592,2015-10-23
100,0,3912,651,2015-10-23
1000,27,15338,743,2015-10-22
850,70,20127,926,2015-10-22
625,0,1142,4303,2015-10-22
1300,657,12135,439,2015-10-21
2850,132,7673,1473,2015-10-21
450,86,30647,712,2015-10-21
315,3,1639,500,2015-10-20
4500,250,43700,743,2015-10-20
2900,-12,14894,1565,2015-10-20
799,-1,1306,1869,2015-10-20
365,22,1387,985,2015-10-20
399,4,1313,1200,2015-10-20
900,6,14388,1169,2015-10-20
80,-1,168,1322,2015-10-20
3000,220,107825,865,2015-10-19
500,104,13222,470,2015-10-19
856,39,4216,804,2015-10-19
46,-20,6,926,2015-10-19
250,9,1683,1169,2015-10-18
2100,306,663,3177,2015-10-18
50,9,175,712,2015-10-17
5600,365,23983,896,2015-10-17
805,23,12862,743,2015-10-17
5000,214,68768,2296,2015-10-17
5000,200,51560,1473,2015-10-16
1801,54,6420,985,2015-10-16
400,0,921,865,2015-10-16
1200,140,1762,439,2015-10-16
2050,88,35690,561,2015-10-16
305,26,3263,592,2015-10-16
2000,3,5000,500,2015-10-15
300,18,788,2357,2015-10-14
550,19,3138,2661,2015-10-14
998,-1,775,3453,2015-10-14
1100,59,3294,1138,2015-10-13
3000,144,37597,1473,2015-10-13
160,25,1025,743,2015-10-13
5600,268,77720,985,2015-10-13
2000,55,6099,4152,2015-10-13
200,24,29929,561,2015-10-13
3350,4142,51875,865,2015-10-12
2999,258,856071,682,2015-10-12
100,3,877,1839,2015-10-12
50,0,0,835,2015-10-11
370,40,1877,470,2015-10-11
1701,100,7957,3726,2015-10-11
2500,-7,694,561,2015-10-10
3050,13,348,1473,2015-10-10
1263,114,29817,1869,2015-10-10
1800,170,18388,651,2015-10-09
1460,27,1780,2296,2015-10-09
161,14,2668,592,2015-10-09
1000,16,16341,2081,2015-10-09
300,238,15459,470,2015-10-07
4050,190,14402,1534,2015-10-06
3300,146,36806,1261,2015-10-06
2000,0,2804,408,2015-10-06
1800,1,1672,3787,2015-10-06
570,18,9027,500,2015-10-05
2665,18,670,1961,2015-10-05
2400,317,10776,743,2015-10-04
136,3,717,682,2015-10-04
21,0,420,531,2015-10-03
100,1,89,3239,2015-10-03
210,-1,654,712,2015-10-03
570,50,1199,531,2015-10-03
500,-5,319,651,2015-10-02
1300,240,15388,561,2015-10-02
3000,76,9349,1656,2015-10-02
1800,98,95466,712,2015-10-01
250,0,45,561,2015-10-01
78,-14,0,682,2015-10-01
3300,2228,1003,531,2015-09-29
7200,304,3861,957,2015-09-28
550,5,813,1291,2015-09-27
1200,40,94499,1565,2015-09-26
300,8,0,651,2015-09-26
850,0,1724,592,2015-09-25
1000,174,306953,500,2015-09-24
451,95,301,1381,2015-09-24
2600,8,1444,1687,2015-09-24
900,41,11552,470,2015-09-23
400,334,12859,804,2015-09-23
1550,331,20176,500,2015-09-23
2850,30,5765,2112,2015-09-22
2100,198,14936,1138,2015-09-22
2200,163,6306,3542,2015-09-21
2000,38,22729,804,2015-09-21
2200,-39,4243,5156,2015-09-20
2000,110,19197,896,2015-09-20
110,4,625,439,2015-09-20
58,1,157,926,2015-09-20
140,13,3590,651,2015-09-20
500,-5,157,1291,2015-09-20
600,8,2085,1716,2015-09-20
5000,127,5652,1747,2015-09-18
600,362,2100,500,2015-09-17
5250,157,4930,1778,2015-09-16
1100,122,1669,1047,2015-09-16
355,0,3806,439,2015-09-16
750,16,8872,2081,2015-09-15
600,13,253,500,2015-09-13
800,2,8420,561,2015-09-13
7000,113,69879,531,2015-09-12
97,0,2,439,2015-09-12
550,21,2472,1656,2015-09-12
300,158,4803,470,2015-09-11
121,0,111,592,2015-09-11
5000,336,17731,835,2015-09-11
85,41,3844,531,2015-09-08
2500,95,17421,865,2015-09-07
2000,229,2153,592,2015-09-07
1500,140,18988,1656,2015-07-15
5000,39,5233,1716,2015-07-14
100,192,20389,1381,2015-07-14
5000,482,26372,1077,2015-07-07
2315,45,2204,1108,2015-06-14
1150,557,61318,773,2015-06-07
60,18,352,1442,2015-06-04
150,2,678,1016,2015-06-04
545,10,95,1200,2015-06-01
3950,61,23812,3999,2015-05-28
2500,937,153695,773,2015-05-21
1550,124,70985,651,2015-05-11
749,7,4711,1716,2015-05-04
2000,251,12727,1442,2015-04-23
3550,452,338313,1230,2015-04-07
500,-8,319,2873,2015-04-07
475,24,1821,2081,2015-04-06
405,14,2369,1565,2015-04-06
200,-3,1638,1016,2015-04-02
1000,10,2580,2387,2015-03-30
8050,-150,137990,4456,2015-03-27
525,19,8888,1778,2015-03-26
75,2,221,1322,2015-03-18
555,29,10756,1169,2015-03-17
315,-1,114,1016,2015-03-16
2500,97,5656,926,2015-03-15
3500,48,6684,682,2015-03-14
520,158,6573,835,2015-03-13
905,71,884,773,2015-03-12
1250,34,9682,743,2015-03-12
110,2,110,2599,2015-03-12
8995,35,13557,2811,2015-03-12
805,79,20753,804,2015-03-12
550,8,4891,1230,2015-03-11
2300,49,2336,1230,2015-03-10
1555,-10,317,2173,2015-03-09
225,24,11619,1016,2015-03-09
3800,322,21779,1716,2015-03-07
145,90,606,1565,2015-03-06
1000,-50,205,1138,2015-03-06
1950,0,17400,1381,2015-03-06
1510,-7,1120,1108,2015-03-04
4800,154,6293,1230,2015-03-04
2500,121,29926,743,2015-03-03
1890,726,14283,926,2015-03-03
126,11,758,1016,2015-03-03
400,11,2662,1291,2015-03-03
180,7,20335,835,2015-03-03
800,21,7611,804,2015-03-02
800,285,45386,773,2015-03-02
280,60,6211,1047,2015-03-02
200,11,16768,1047,2015-03-02
1100,2291,0,712,2015-03-01
3001,409,13152,804,2015-03-01
55,-8,1879,1138,2015-02-28
130,12,871,1169,2015-02-28
2850,47,19273,6375,2015-02-28
215,10,755,3907,2015-02-27
700,15,8704,926,2015-02-27
1850,129,1816,804,2015-02-26
8938,371,43328,712,2015-02-26
2500,141,102083,773,2015-02-25
1999,91,18284,1869,2015-02-25
1000,159,6878,2022,2015-02-24
2125,153,102798,804,2015-02-23
601,92,26434,712,2015-02-22
500,2,167,1230,2015-02-22
1750,116,24844,3542,2015-02-21
605,68,273,1261,2015-02-21
870,72,40601,1138,2015-02-21
2200,144,3463,1169,2015-02-21
225,25,388,985,2015-02-21
100,13,4700,957,2015-02-20
350,10,2010,1350,2015-02-20
16,0,7,896,2015-02-20
250,8,2794,835,2015-02-20
1700,134,5039,865,2015-02-19
87,5,41,4975,2015-02-19
550,49,953,773,2015-02-18
175,11,1026,712,2015-02-18
400,0,4577,1778,2015-02-18
100,4,965,957,2015-02-18
199,15,1702,712,2015-02-17
3200,226,6904,2783,2015-02-17
175,64,10021,712,2015-02-16
2000,277,3281,712,2015-02-16
4999,281,23040,804,2015-02-14
875,26,5172,1839,2015-02-13
7000,890,102291,1442,2015-02-12
2000,54,4304,1322,2015-02-12
2000,97,9162,1138,2015-02-12
305,58,689,896,2015-02-12
155,18,10016,2053,2015-02-12
500,4,1043,773,2015-02-12
2400,21,4290,1169,2015-02-12
3900,-8,3164,1442,2015-02-12
2100,150,28245,773,2015-02-11
130,0,379,2081,2015-02-11
500,2,284,957,2015-02-11
125,0,417,3848,2015-02-11
3000,245,24250,926,2015-02-10
8000,406,87303,1261,2015-02-10
25,0,61,835,2015-02-10
236,4,1133,2204,2015-02-10
80,60,4001,712,2015-02-09
300,2,1664,1412,2015-02-09
505,0,5476,896,2015-02-09
550,51,1538,743,2015-02-08
1540,29,15154,1291,2015-02-08
200,0,2381,743,2015-02-08
315,0,1240,3148,2015-02-08
4000,21,2652,6436,2015-02-08
599,66,1527,712,2015-02-07
369,7,615,1381,2015-02-07
7000,-27,172810,1595,2015-02-07
475,42,16414,3177,2015-02-07
280,34,2581,743,2015-02-06
6800,796,387,1169,2015-02-06
1350,39,15384,1595,2015-02-06
1851,64,3270,2143,2015-02-06
595,12,410,1961,2015-02-06
100,-5,756,773,2015-02-06
1406,142,18259,712,2015-02-05
220,0,2123,1230,2015-02-05
1250,89,31640,1839,2015-02-05
750,159,6363,712,2015-02-04
3550,73,9471,3148,2015-02-04
1700,240,3185,835,2015-02-04
6158,362,28028,1595,2015-02-04
3900,270,74983,1412,2015-02-03
78,23,229,1442,2015-02-03
164,23,91,1442,2015-02-03
230,-2,2370,3695,2015-02-02
375,363,3984,773,2015-02-01
249,-10,553,4122,2015-01-31
1450,30,2658,2387,2015-01-31
1500,26,3851,3361,2015-01-31
1500,1,186,804,2015-01-30
8501,946,422630,773,2015-01-27
8500,290,12863,5156,2015-01-27
1150,8,6718,926,2015-01-27
200,-5,159,2508,2015-01-27
500,5,2955,3422,2015-01-26
3000,80,17903,1565,2015-01-25
685,7,402,3422,2015-01-25
5050,135,10349,1047,2015-01-24
144,76,660,743,2015-01-23
125,2,0,804,2015-01-23
1000,275,20264,804,2015-01-23
1650,17,604,5279,2015-01-23
105,18,784,743,2015-01-22
1200,83,200040,1503,2015-01-22
65,0,466,1992,2015-01-21
955,20,1725,1047,2015-01-21
38,-1,95,1322,2015-01-21
500,14,1767,3695,2015-01-21
5150,-254,14264,1808,2015-01-21
505,-3,586,3422,2015-01-20
2600,31,5282,1565,2015-01-20
149,10,722,743,2015-01-19
455,28,1511,773,2015-01-19
355,4,1502,1016,2015-01-19
565,290,240,835,2015-01-19
2000,19,6060,4638,2015-01-18
1150,99,71292,2296,2015-01-16
7700,280,13951,865,2015-01-15
10,7,1589,714,2015-01-14
2100,140,6506,2387,2015-01-14
777,105,11526,2053,2015-01-14
500,5,641,1992,2015-01-13
1000,8,5207,743,2015-01-13
115,-4,247,3330,2015-01-13
855,30,4104,804,2015-01-12
160,-1,127,1534,2015-01-12
400,0,220,2630,2015-01-11
4050,452,177517,1138,2015-01-10
3888,362,7649,773,2015-01-09
305,9,963,1931,2015-01-09
300,10,942,773,2015-01-08
995,-36,4420,1412,2015-01-08
4437,493,615,773,2015-01-08
1400,-2,515,3117,2015-01-06
150,1,264,865,2015-01-04
6000,322,56781,1808,2015-01-03
501,100,25341,1169,2015-01-03
3999,392,8795,2053,2015-01-02
320,23,467,1322,2015-01-02
1000,1,1010,1503,2014-12-31
2500,7,4537,4395,2014-12-31
800,6,5105,926,2014-12-31
270,-2,152,1565,2014-12-30
305,-4,254,3361,2014-12-30
50,4,2290,1656,2014-12-30
2750,16,1411,7286,2014-12-29
280,101,30703,1138,2014-12-26
2150,51,13904,1322,2014-12-25
850,-13,10418,896,2014-12-24
818,9,3785,1230,2014-12-23
95,0,58,2418,2014-12-23
171,-6,1703,865,2014-12-23
850,67,110,835,2014-12-22
2222,300,7790,926,2014-12-22
155,0,134,3542,2014-12-22
3700,132,16826,2173,2014-12-21
110,0,1531,835,2014-12-20
10000,642,10475,2418,2014-12-19
500,671,3004,1931,2014-12-18
400,17,5706,2204,2014-12-17
105,37,3405,743,2014-12-17
650,0,976,804,2014-12-16
150,9,0,1261,2014-12-16
501,-5,946,3422,2014-12-16
601,550,314,2081,2014-12-15
170,8,2778,1016,2014-12-15
400,14,15704,985,2014-12-15
200,41,4918,957,2014-12-15
300,34,4808,1291,2014-12-15
2000,94,203,1687,2014-12-15
50,5,580,1047,2014-12-15
100,0,4125,2508,2014-12-14
360,0,183,3422,2014-12-13
300,3,3696,926,2014-12-12
260,133,310,957,2014-12-11
4040,55,4333,1200,2014-12-11
60,10,2150,1108,2014-12-11
65,4,462,2783,2014-12-10
2000,233,13609,957,2014-12-10
1050,49,4807,1169,2014-12-09
900,9,4289,1595,2014-12-09
130,-5,642,3330,2014-12-09
350,32,1417,1138,2014-12-08
811,-83,7688,804,2014-12-07
500,85,1229,835,2014-12-05
1000,13,2762,1503,2014-12-05
1199,157,3208,773,2014-12-04
3150,136,10819,1716,2014-12-04
455,0,87,743,2014-12-04
225,26,5945,1565,2014-12-02
897,88,1713,957,2014-12-01
2250,12,821,2752,2014-11-30
7,0,135,804,2014-11-30
1000,-25,11793,4853,2014-11-29
670,196,4644,1442,2014-11-29
9505,101,10454,6099,2014-11-29
3000,91,73172,3117,2014-11-28
800,20,1080,2661,2014-11-28
705,1,3585,4669,2014-11-28
795,80,1515,985,2014-11-28
7500,225,7235,1291,2014-11-28
2400,10,8498,2995,2014-11-28
2500,217,22407,1016,2014-11-28
300,4,3604,865,2014-11-27
100,23,295,1442,2014-11-27
1400,166,41994,1200,2014-11-26
3050,87,1367,1442,2014-11-25
5500,146,6032,1169,2014-11-24
4000,4,0,2569,2014-11-23
70,7,2289,896,2014-11-23
3000,190,25437,1747,2014-11-21
455,104,5182,985,2014-11-21
5550,137,8458,6039,2014-11-21
861,41,14224,2964,2014-11-20
1551,1291,1348,1016,2014-11-20
2150,152,338,1747,2014-11-20
651,33,753,985,2014-11-19
1680,85,112,4183,2014-11-19
161,22,557,1016,2014-11-19
5200,816,15561,1656,2014-11-19
500,-3,1518,2934,2014-11-19
1800,279,49641,1169,2014-11-18
900,10,2844,804,2014-11-18
1590,236,13721,1077,2014-11-17
750,129,5759,804,2014-11-17
305,67,12875,926,2014-11-17
101,1,716,2842,2014-11-17
50,23,730,1442,2014-11-17
531,-5,1847,1747,2014-11-17
401,30,5040,1169,2014-11-17
6000,154,18092,4060,2014-11-16
630,47,1808,4272,2014-11-16
1101,30,10147,957,2014-11-15
200,16,11482,865,2014-11-15
3025,42,20184,1473,2014-11-15
150,0,1201,1747,2014-11-14
2997,0,110,926,2014-11-14
800,450,78478,1108,2014-11-13
375,56,5375,804,2014-11-11
2750,556,44390,804,2014-11-11
255,32,583,773,2014-11-11
1900,0,12756,985,2014-11-10
150,23,55,1442,2014-11-09
221,16,2318,1442,2014-11-09
307,422,21429,865,2014-11-09
195,-1,2089,985,2014-11-08
5000,232,44807,3665,2014-11-08
5000,500,3684,1473,2014-11-08
1500,46,6250,1047,2014-11-07
407,53,5730,1687,2014-11-07
500,6,18571,804,2014-11-06
1800,55,68616,1412,2014-11-06
1000,271,17547,1077,2014-11-05
665,-2,1100,896,2014-11-05
722,455,2493,926,2014-11-03
240,11,4046,1016,2014-11-03
800,107,19863,1350,2014-11-03
500,45,1730,1595,2014-11-02
200,20,2108,804,2014-11-02
3601,119,33173,2143,2014-11-01
225,2,7075,1747,2014-10-31
1255,33,5829,3392,2014-10-30
2500,160,51501,2112,2014-10-29
21,-1,48,1778,2014-10-29
4500,486,65809,2357,2014-10-29
120,-8,131,1931,2014-10-28
240,18,2718,2326,2014-10-28
499,48,12524,1108,2014-10-26
301,-3,1428,1016,2014-10-25
3050,396,157447,926,2014-10-25
2350,584,0,1534,2014-10-24
495,9,411,1350,2014-10-24
2300,308,39971,1931,2014-10-23
300,48,0,1350,2014-10-23
1800,51,28665,1716,2014-10-23
560,10,4565,1077,2014-10-23
3000,488,11632,926,2014-10-22
751,148,47848,1016,2014-10-22
230,3,603,1595,2014-10-21
81,5,211,1230,2014-10-20
405,2,9787,2143,2014-10-20
150,9,106,1291,2014-10-20
210,17,1641,1230,2014-10-20
400,-8,264,1747,2014-10-18
820,108,18460,985,2014-10-18
675,4,1862,6191,2014-10-17
1200,356,0,835,2014-10-15
6500,282,542,804,2014-10-14
5500,1019,67430,896,2014-10-14
1015,84,4818,1169,2014-10-14
280,66,11866,1016,2014-10-13
4605,380,3868,1595,2014-10-13
700,-1,0,957,2014-10-13
105,0,502,1747,2014-10-13
1850,-16,15160,3300,2014-10-13
505,209,5514,926,2014-10-12
250,5,234,865,2014-10-11
105,10,97,2599,2014-10-11
175,0,99,3208,2014-10-11
200,50,19631,985,2014-10-09
550,11,2442,1261,2014-10-09
325,-7,640,4914,2014-10-08
2000,-8,1365,1565,2014-10-08
2000,125,119208,957,2014-10-07
600,42,15628,865,2014-10-07
170,0,984,2204,2014-10-06
2000,41,349,4914,2014-10-05
1050,39,15537,1565,2014-10-05
125,-5,77,1200,2014-10-05
199,8,1324,835,2014-10-04
1800,39,649,1381,2014-10-04
3150,306,24133,1778,2014-10-04
1000,108,11971,835,2014-10-03
4000,106,35638,1138,2014-10-03
705,159,908,4030,2014-10-01
2500,51,3989,1350,2014-09-30
1299,101,19092,1261,2014-09-30
3000,737,90352,985,2014-09-30
3705,9,3170,3177,2014-09-28
236,-17,215,1261,2014-09-27
250,10,401,4060,2014-09-27
149,1,311,1381,2014-09-26
1003,107,10482,2265,2014-09-26
712,1,1030,1747,2014-09-25
2395,102,7188,1381,2014-09-25
2800,306,12428,2722,2014-09-22
500,2402,40077,1077,2014-09-21
945,12,1557,926,2014-09-20
2171,3,5176,8321,2014-09-20
600,31,6965,2357,2014-09-19
150,6,480,1839,2014-09-17
800,152,76146,926,2014-09-15
3800,193,20618,2081,2014-09-15
75,-6,483,2418,2014-09-15
505,26,3636,2903,2014-09-14
149,-3,391,2326,2014-09-14
150,-7,2934,1016,2014-09-13
350,10,921,1473,2014-09-13
2205,100,3286,957,2014-09-12
3600,1257,131487,1381,2014-09-12
2450,74,25272,2630,2014-09-11
450,-2,951,2538,2014-09-11
1500,361,5463,835,2014-09-10
3700,98,9561,6587,2014-09-10
3800,386,17486,2783,2014-09-09
2100,146,6199,2722,2014-09-09
1650,5,15246,1350,2014-09-09
349,19,664,835,2014-09-08
400,0,136,835,2014-09-07
149,0,93,1108,2014-09-07
199,7,3916,1016,2014-09-06
1200,30,8545,1230,2014-09-05
399,22,8013,865,2014-09-05
800,26,15872,1565,2014-09-05
235,14,1964,1047,2014-09-05
200,0,171,1381,2014-09-05
6000,330,1853,896,2014-09-05
1000,150,647,1626,2014-09-04
550,38,1702,1656,2014-09-03
800,23,12571,957,2014-09-02
3770,377,23256,1230,2014-09-01
665,27,1835,3300,2014-09-01
4000,169,82352,1656,2014-08-31
3250,403,19039,2477,2014-08-30
346,59,1387,2234,2014-08-29
4800,26,5131,3969,2014-08-29
255,2,1825,1169,2014-08-28
1500,-15,936,3665,2014-08-27
10000,1052,12494,1687,2014-08-27
155,5,965,1716,2014-08-27
4550,104,2156,1747,2014-08-26
199,7,95,1381,2014-08-25
465,27,1605,1473,2014-08-24
999,38,0,1595,2014-08-22
187,-4,456,2204,2014-08-22
175,315,30085,926,2014-08-21
3000,174,16471,1169,2014-08-20
60,1,143,1656,2014-08-20
5251,245,6144,1961,2014-08-19
2109,364,14091,1291,2014-08-19
1900,144,22617,1169,2014-08-19
1250,294,5288,1077,2014-08-17
9000,999,70973,1138,2014-08-15
50,70,3995,985,2014-08-15
6000,455,40578,1230,2014-08-14
650,-6,6713,1261,2014-08-11
3827,569,4670,985,2014-08-10
3100,0,463095,804,2014-08-10
1800,105,11616,1595,2014-08-09
420,291,1558,1534,2014-08-08
4500,390,17590,2296,2014-08-06
3500,216,1289,2234,2014-08-06
5000,547,15345,1595,2014-08-05
1350,58,0,1047,2014-08-03
115,-18,21694,957,2014-07-31
2051,1002,64041,1169,2014-07-29
597,8,8508,926,2014-07-29
600,14,2732,957,2014-07-28
5900,310,2184,2357,2014-07-27
550,22,15143,1291,2014-07-27
400,29,31180,1047,2014-07-27
7060,315,29967,2995,2014-07-26
232,56,490,957,2014-07-26
2000,284,9634,1016,2014-07-25
200,13,804,1381,2014-07-24
600,285,83936,896,2014-07-24
